quality,n_samples,n_pos,n_neg,accuracy,precision,recall,f1,roc_auc,pr_auc,tp,fp,tn,fn
ds2__originali__cattivo__pizza__bruciato__001416.jpg,1,0,1,1.0,0.0,0.0,0.0,,,0,0,1,0
ds1__originali__root__000001.jpg,1,0,1,1.0,0.0,0.0,0.0,,,0,0,1,0
ds1__originali__root__000010.jpg,1,0,1,1.0,0.0,0.0,0.0,,,0,0,1,0
ds1__originali__root__000012.jpg,1,0,1,0.0,0.0,0.0,0.0,,,0,1,0,0
ds1__originali__root__000031.jpg,1,0,1,1.0,0.0,0.0,0.0,,,0,0,1,0
ds1__originali__root__000045.jpg,1,0,1,1.0,0.0,0.0,0.0,,,0,0,1,0
ds1__originali__root__000047.jpg,1,0,1,1.0,0.0,0.0,0.0,,,0,0,1,0
ds1__originali__root__000058.jpg,1,0,1,1.0,0.0,0.0,0.0,,,0,0,1,0
ds1__originali__root__000059.jpg,1,0,1,1.0,0.0,0.0,0.0,,,0,0,1,0
ds1__originali__root__000061.jpg,1,0,1,1.0,0.0,0.0,0.0,,,0,0,1,0
ds1__originali__root__000072.jpg,1,0,1,1.0,0.0,0.0,0.0,,,0,0,1,0
ds1__originali__root__000080.jpg,1,0,1,1.0,0.0,0.0,0.0,,,0,0,1,0
ds1__originali__root__000085.jpg,1,0,1,1.0,0.0,0.0,0.0,,,0,0,1,0
ds2__originali__cattivo__frutta_verdura__altro__001185.jpg,1,0,1,1.0,0.0,0.0,0.0,,,0,0,1,0
ds2__originali__cattivo__frutta_verdura__ammuffito__001194.jpg,1,0,1,1.0,0.0,0.0,0.0,,,0,0,1,0
ds2__originali__cattivo__frutta_verdura__ammuffito__001202.jpg,1,0,1,1.0,0.0,0.0,0.0,,,0,0,1,0
ds2__originali__cattivo__frutta_verdura__ammuffito__001207.jpg,1,0,1,1.0,0.0,0.0,0.0,,,0,0,1,0
ds2__originali__cattivo__frutta_verdura__ammuffito__001210.jpg,1,0,1,1.0,0.0,0.0,0.0,,,0,0,1,0
ds2__originali__cattivo__frutta_verdura__ammuffito__001222.jpg,1,0,1,1.0,0.0,0.0,0.0,,,0,0,1,0
ds2__originali__cattivo__frutta_verdura__ammuffito__001229.jpg,1,0,1,1.0,0.0,0.0,0.0,,,0,0,1,0
ds2__originali__cattivo__frutta_verdura__ammuffito__001232.jpg,1,0,1,1.0,0.0,0.0,0.0,,,0,0,1,0
ds2__originali__cattivo__carne__bruciato__001129.jpg,1,0,1,1.0,0.0,0.0,0.0,,,0,0,1,0
ds2__originali__cattivo__carne__bruciato__001139.jpg,1,0,1,1.0,0.0,0.0,0.0,,,0,0,1,0
ds2__originali__cattivo__carne__crudo__001147.jpg,1,0,1,1.0,0.0,0.0,0.0,,,0,0,1,0
ds2__originali__cattivo__carne__crudo__001151.jpg,1,0,1,1.0,0.0,0.0,0.0,,,0,0,1,0
ds2__originali__cattivo__carne__crudo__001159.jpg,1,0,1,1.0,0.0,0.0,0.0,,,0,0,1,0
ds2__originali__cattivo__carne__crudo__001164.jpg,1,0,1,1.0,0.0,0.0,0.0,,,0,0,1,0
ds2__originali__cattivo__carne__crudo__001175.jpg,1,0,1,1.0,0.0,0.0,0.0,,,0,0,1,0
ds2__originali__cattivo__frutta_verdura__altro__001183.jpg,1,0,1,1.0,0.0,0.0,0.0,,,0,0,1,0
ds2__originali__cattivo__carne__bruciato__001090.jpg,1,0,1,1.0,0.0,0.0,0.0,,,0,0,1,0
ds2__originali__cattivo__carne__bruciato__001093.jpg,1,0,1,1.0,0.0,0.0,0.0,,,0,0,1,0
ds2__originali__cattivo__carne__bruciato__001094.jpg,1,0,1,1.0,0.0,0.0,0.0,,,0,0,1,0
ds2__originali__cattivo__carne__bruciato__001096.jpg,1,0,1,1.0,0.0,0.0,0.0,,,0,0,1,0
ds2__originali__cattivo__carne__bruciato__001111.jpg,1,0,1,1.0,0.0,0.0,0.0,,,0,0,1,0
ds2__originali__cattivo__carne__bruciato__001112.jpg,1,0,1,1.0,0.0,0.0,0.0,,,0,0,1,0
ds2__originali__cattivo__carne__bruciato__001121.jpg,1,0,1,1.0,0.0,0.0,0.0,,,0,0,1,0
ds2__originali__cattivo__carne__bruciato__001126.jpg,1,0,1,1.0,0.0,0.0,0.0,,,0,0,1,0
ds2__originali__cattivo__altro__altro__001029.jpg,1,0,1,1.0,0.0,0.0,0.0,,,0,0,1,0
ds2__originali__cattivo__altro__ammuffito__001033.jpg,1,0,1,1.0,0.0,0.0,0.0,,,0,0,1,0
ds2__originali__cattivo__carne__bruciato__001057.jpg,1,0,1,1.0,0.0,0.0,0.0,,,0,0,1,0
ds2__originali__cattivo__carne__bruciato__001058.jpg,1,0,1,1.0,0.0,0.0,0.0,,,0,0,1,0
ds2__originali__cattivo__carne__bruciato__001060.jpg,1,0,1,1.0,0.0,0.0,0.0,,,0,0,1,0
ds2__originali__cattivo__carne__bruciato__001071.jpg,1,0,1,1.0,0.0,0.0,0.0,,,0,0,1,0
ds2__originali__cattivo__carne__bruciato__001077.jpg,1,0,1,1.0,0.0,0.0,0.0,,,0,0,1,0
ds2__originali__cattivo__carne__bruciato__001080.jpg,1,0,1,1.0,0.0,0.0,0.0,,,0,0,1,0
ds1__originali__root__000503.jpg,1,0,1,0.0,0.0,0.0,0.0,,,0,1,0,0
ds1__originali__root__000504.jpg,1,0,1,1.0,0.0,0.0,0.0,,,0,0,1,0
ds1__originali__root__000509.jpg,1,0,1,0.0,0.0,0.0,0.0,,,0,1,0,0
ds1__originali__root__000529.jpg,1,0,1,1.0,0.0,0.0,0.0,,,0,0,1,0
ds1__originali__root__000536.jpg,1,0,1,1.0,0.0,0.0,0.0,,,0,0,1,0
ds1__originali__root__000537.jpg,1,0,1,0.0,0.0,0.0,0.0,,,0,1,0,0
ds1__originali__root__000544.jpg,1,0,1,1.0,0.0,0.0,0.0,,,0,0,1,0
ds1__originali__root__000554.jpg,1,0,1,1.0,0.0,0.0,0.0,,,0,0,1,0
ds1__originali__root__000450.jpg,1,0,1,1.0,0.0,0.0,0.0,,,0,0,1,0
ds1__originali__root__000452.jpg,1,0,1,0.0,0.0,0.0,0.0,,,0,1,0,0
ds1__originali__root__000457.jpg,1,0,1,1.0,0.0,0.0,0.0,,,0,0,1,0
ds1__originali__root__000478.jpg,1,0,1,1.0,0.0,0.0,0.0,,,0,0,1,0
ds1__originali__root__000481.jpg,1,0,1,0.0,0.0,0.0,0.0,,,0,1,0,0
ds1__originali__root__000492.jpg,1,0,1,1.0,0.0,0.0,0.0,,,0,0,1,0
ds1__originali__root__000493.jpg,1,0,1,1.0,0.0,0.0,0.0,,,0,0,1,0
ds1__originali__root__000495.jpg,1,0,1,1.0,0.0,0.0,0.0,,,0,0,1,0
ds1__originali__root__000409.jpg,1,0,1,1.0,0.0,0.0,0.0,,,0,0,1,0
ds1__originali__root__000410.jpg,1,0,1,1.0,0.0,0.0,0.0,,,0,0,1,0
ds1__originali__root__000415.jpg,1,0,1,1.0,0.0,0.0,0.0,,,0,0,1,0
ds1__originali__root__000419.jpg,1,0,1,0.0,0.0,0.0,0.0,,,0,1,0,0
ds1__originali__root__000422.jpg,1,0,1,1.0,0.0,0.0,0.0,,,0,0,1,0
ds1__originali__root__000427.jpg,1,0,1,1.0,0.0,0.0,0.0,,,0,0,1,0
ds1__originali__root__000430.jpg,1,0,1,0.0,0.0,0.0,0.0,,,0,1,0,0
ds1__originali__root__000448.jpg,1,0,1,0.0,0.0,0.0,0.0,,,0,1,0,0
ds1__originali__root__000371.jpg,1,0,1,1.0,0.0,0.0,0.0,,,0,0,1,0
ds1__originali__root__000374.jpg,1,0,1,1.0,0.0,0.0,0.0,,,0,0,1,0
ds1__originali__root__000377.jpg,1,0,1,1.0,0.0,0.0,0.0,,,0,0,1,0
ds1__originali__root__000380.jpg,1,0,1,1.0,0.0,0.0,0.0,,,0,0,1,0
ds1__originali__root__000387.jpg,1,0,1,0.0,0.0,0.0,0.0,,,0,1,0,0
ds1__originali__root__000391.jpg,1,0,1,1.0,0.0,0.0,0.0,,,0,0,1,0
ds1__originali__root__000395.jpg,1,0,1,0.0,0.0,0.0,0.0,,,0,1,0,0
ds1__originali__root__000408.jpg,1,0,1,1.0,0.0,0.0,0.0,,,0,0,1,0
ds1__originali__root__000679.jpg,1,0,1,1.0,0.0,0.0,0.0,,,0,0,1,0
ds1__originali__root__000680.jpg,1,0,1,0.0,0.0,0.0,0.0,,,0,1,0,0
ds1__originali__root__000685.jpg,1,0,1,1.0,0.0,0.0,0.0,,,0,0,1,0
ds1__originali__root__000691.jpg,1,0,1,1.0,0.0,0.0,0.0,,,0,0,1,0
ds1__originali__root__000697.jpg,1,0,1,1.0,0.0,0.0,0.0,,,0,0,1,0
ds1__originali__root__000706.jpg,1,0,1,0.0,0.0,0.0,0.0,,,0,1,0,0
ds1__originali__root__000710.jpg,1,0,1,0.0,0.0,0.0,0.0,,,0,1,0,0
ds1__originali__root__000735.jpg,1,0,1,1.0,0.0,0.0,0.0,,,0,0,1,0
ds1__originali__root__000647.jpg,1,0,1,1.0,0.0,0.0,0.0,,,0,0,1,0
ds1__originali__root__000661.jpg,1,0,1,1.0,0.0,0.0,0.0,,,0,0,1,0
ds1__originali__root__000662.jpg,1,0,1,1.0,0.0,0.0,0.0,,,0,0,1,0
ds1__originali__root__000665.jpg,1,0,1,1.0,0.0,0.0,0.0,,,0,0,1,0
ds1__originali__root__000666.jpg,1,0,1,1.0,0.0,0.0,0.0,,,0,0,1,0
ds1__originali__root__000667.jpg,1,0,1,1.0,0.0,0.0,0.0,,,0,0,1,0
ds1__originali__root__000670.jpg,1,0,1,1.0,0.0,0.0,0.0,,,0,0,1,0
ds1__originali__root__000678.jpg,1,0,1,1.0,0.0,0.0,0.0,,,0,0,1,0
ds1__originali__root__000596.jpg,1,0,1,1.0,0.0,0.0,0.0,,,0,0,1,0
ds1__originali__root__000597.jpg,1,0,1,1.0,0.0,0.0,0.0,,,0,0,1,0
ds1__originali__root__000600.jpg,1,0,1,1.0,0.0,0.0,0.0,,,0,0,1,0
ds1__originali__root__000605.jpg,1,0,1,1.0,0.0,0.0,0.0,,,0,0,1,0
ds1__originali__root__000607.jpg,1,0,1,1.0,0.0,0.0,0.0,,,0,0,1,0
ds1__originali__root__000622.jpg,1,0,1,1.0,0.0,0.0,0.0,,,0,0,1,0
ds1__originali__root__000628.jpg,1,0,1,1.0,0.0,0.0,0.0,,,0,0,1,0
ds1__originali__root__000643.jpg,1,0,1,0.0,0.0,0.0,0.0,,,0,1,0,0
ds1__originali__root__000555.jpg,1,0,1,1.0,0.0,0.0,0.0,,,0,0,1,0
ds1__originali__root__000561.jpg,1,0,1,1.0,0.0,0.0,0.0,,,0,0,1,0
ds1__originali__root__000570.jpg,1,0,1,1.0,0.0,0.0,0.0,,,0,0,1,0
ds1__originali__root__000572.jpg,1,0,1,1.0,0.0,0.0,0.0,,,0,0,1,0
ds1__originali__root__000573.jpg,1,0,1,1.0,0.0,0.0,0.0,,,0,0,1,0
ds1__originali__root__000584.jpg,1,0,1,1.0,0.0,0.0,0.0,,,0,0,1,0
ds1__originali__root__000589.jpg,1,0,1,1.0,0.0,0.0,0.0,,,0,0,1,0
ds1__originali__root__000595.jpg,1,0,1,1.0,0.0,0.0,0.0,,,0,0,1,0
ds1__originali__root__000918.jpg,1,0,1,1.0,0.0,0.0,0.0,,,0,0,1,0
ds1__originali__root__000919.jpg,1,0,1,1.0,0.0,0.0,0.0,,,0,0,1,0
ds1__originali__root__000929.jpg,1,0,1,1.0,0.0,0.0,0.0,,,0,0,1,0
ds1__originali__root__000931.jpg,1,0,1,1.0,0.0,0.0,0.0,,,0,0,1,0
ds1__originali__root__000935.jpg,1,0,1,1.0,0.0,0.0,0.0,,,0,0,1,0
ds1__originali__root__000939.jpg,1,0,1,1.0,0.0,0.0,0.0,,,0,0,1,0
ds1__originali__root__000944.jpg,1,0,1,1.0,0.0,0.0,0.0,,,0,0,1,0
ds1__originali__root__000949.jpg,1,0,1,1.0,0.0,0.0,0.0,,,0,0,1,0
ds1__originali__root__000835.jpg,1,0,1,1.0,0.0,0.0,0.0,,,0,0,1,0
ds1__originali__root__000841.jpg,1,0,1,1.0,0.0,0.0,0.0,,,0,0,1,0
ds1__originali__root__000854.jpg,1,0,1,1.0,0.0,0.0,0.0,,,0,0,1,0
ds1__originali__root__000860.jpg,1,0,1,1.0,0.0,0.0,0.0,,,0,0,1,0
ds1__originali__root__000885.jpg,1,0,1,1.0,0.0,0.0,0.0,,,0,0,1,0
ds1__originali__root__000890.jpg,1,0,1,0.0,0.0,0.0,0.0,,,0,1,0,0
ds1__originali__root__000898.jpg,1,0,1,0.0,0.0,0.0,0.0,,,0,1,0,0
ds1__originali__root__000906.jpg,1,0,1,1.0,0.0,0.0,0.0,,,0,0,1,0
ds1__originali__root__000780.jpg,1,0,1,1.0,0.0,0.0,0.0,,,0,0,1,0
ds1__originali__root__000792.jpg,1,0,1,1.0,0.0,0.0,0.0,,,0,0,1,0
ds1__originali__root__000801.jpg,1,0,1,1.0,0.0,0.0,0.0,,,0,0,1,0
ds1__originali__root__000802.jpg,1,0,1,1.0,0.0,0.0,0.0,,,0,0,1,0
ds1__originali__root__000803.jpg,1,0,1,1.0,0.0,0.0,0.0,,,0,0,1,0
ds1__originali__root__000810.jpg,1,0,1,1.0,0.0,0.0,0.0,,,0,0,1,0
ds1__originali__root__000822.jpg,1,0,1,0.0,0.0,0.0,0.0,,,0,1,0,0
ds1__originali__root__000833.jpg,1,0,1,1.0,0.0,0.0,0.0,,,0,0,1,0
ds1__originali__root__000742.jpg,1,0,1,1.0,0.0,0.0,0.0,,,0,0,1,0
ds1__originali__root__000745.jpg,1,0,1,1.0,0.0,0.0,0.0,,,0,0,1,0
ds1__originali__root__000751.jpg,1,0,1,1.0,0.0,0.0,0.0,,,0,0,1,0
ds1__originali__root__000752.jpg,1,0,1,1.0,0.0,0.0,0.0,,,0,0,1,0
ds1__originali__root__000753.jpg,1,0,1,0.0,0.0,0.0,0.0,,,0,1,0,0
ds1__originali__root__000759.jpg,1,0,1,1.0,0.0,0.0,0.0,,,0,0,1,0
ds1__originali__root__000771.jpg,1,0,1,1.0,0.0,0.0,0.0,,,0,0,1,0
ds1__originali__root__000779.jpg,1,0,1,1.0,0.0,0.0,0.0,,,0,0,1,0
ds1__originali__root__001124.jpg,1,0,1,1.0,0.0,0.0,0.0,,,0,0,1,0
ds1__originali__root__001133.jpg,1,0,1,0.0,0.0,0.0,0.0,,,0,1,0,0
ds1__originali__root__001147.jpg,1,0,1,1.0,0.0,0.0,0.0,,,0,0,1,0
ds1__originali__root__001161.jpg,1,0,1,1.0,0.0,0.0,0.0,,,0,0,1,0
ds1__originali__root__001168.jpg,1,0,1,1.0,0.0,0.0,0.0,,,0,0,1,0
ds1__originali__root__001174.jpg,1,0,1,1.0,0.0,0.0,0.0,,,0,0,1,0
ds1__originali__root__001183.jpg,1,0,1,1.0,0.0,0.0,0.0,,,0,0,1,0
ds1__originali__root__001185.jpg,1,0,1,1.0,0.0,0.0,0.0,,,0,0,1,0
ds1__originali__root__001065.jpg,1,0,1,1.0,0.0,0.0,0.0,,,0,0,1,0
ds1__originali__root__001070.jpg,1,0,1,1.0,0.0,0.0,0.0,,,0,0,1,0
ds1__originali__root__001089.jpg,1,0,1,0.0,0.0,0.0,0.0,,,0,1,0,0
ds1__originali__root__001098.jpg,1,0,1,1.0,0.0,0.0,0.0,,,0,0,1,0
ds1__originali__root__001103.jpg,1,0,1,1.0,0.0,0.0,0.0,,,0,0,1,0
ds1__originali__root__001114.jpg,1,0,1,1.0,0.0,0.0,0.0,,,0,0,1,0
ds1__originali__root__001119.jpg,1,0,1,0.0,0.0,0.0,0.0,,,0,1,0,0
ds1__originali__root__001121.jpg,1,0,1,1.0,0.0,0.0,0.0,,,0,0,1,0
ds1__originali__root__001004.jpg,1,0,1,1.0,0.0,0.0,0.0,,,0,0,1,0
ds1__originali__root__001016.jpg,1,0,1,1.0,0.0,0.0,0.0,,,0,0,1,0
ds1__originali__root__001020.jpg,1,0,1,1.0,0.0,0.0,0.0,,,0,0,1,0
ds1__originali__root__001023.jpg,1,0,1,0.0,0.0,0.0,0.0,,,0,1,0,0
ds1__originali__root__001029.jpg,1,0,1,1.0,0.0,0.0,0.0,,,0,0,1,0
ds1__originali__root__001037.jpg,1,0,1,1.0,0.0,0.0,0.0,,,0,0,1,0
ds1__originali__root__001041.jpg,1,0,1,1.0,0.0,0.0,0.0,,,0,0,1,0
ds1__originali__root__001043.jpg,1,0,1,0.0,0.0,0.0,0.0,,,0,1,0,0
ds1__originali__root__000954.jpg,1,0,1,0.0,0.0,0.0,0.0,,,0,1,0,0
ds1__originali__root__000955.jpg,1,0,1,1.0,0.0,0.0,0.0,,,0,0,1,0
ds1__originali__root__000959.jpg,1,0,1,1.0,0.0,0.0,0.0,,,0,0,1,0
ds1__originali__root__000960.jpg,1,0,1,1.0,0.0,0.0,0.0,,,0,0,1,0
ds1__originali__root__000969.jpg,1,0,1,1.0,0.0,0.0,0.0,,,0,0,1,0
ds1__originali__root__000971.jpg,1,0,1,1.0,0.0,0.0,0.0,,,0,0,1,0
ds1__originali__root__000972.jpg,1,0,1,1.0,0.0,0.0,0.0,,,0,0,1,0
ds1__originali__root__000984.jpg,1,0,1,1.0,0.0,0.0,0.0,,,0,0,1,0
ds1__originali__root__001334.jpg,1,0,1,1.0,0.0,0.0,0.0,,,0,0,1,0
ds1__originali__root__001337.jpg,1,0,1,0.0,0.0,0.0,0.0,,,0,1,0,0
ds1__originali__root__001338.jpg,1,0,1,1.0,0.0,0.0,0.0,,,0,0,1,0
ds1__originali__root__001339.jpg,1,0,1,1.0,0.0,0.0,0.0,,,0,0,1,0
ds1__originali__root__001346.jpg,1,0,1,1.0,0.0,0.0,0.0,,,0,0,1,0
ds1__originali__root__001369.jpg,1,0,1,1.0,0.0,0.0,0.0,,,0,0,1,0
ds1__originali__root__001373.jpg,1,0,1,1.0,0.0,0.0,0.0,,,0,0,1,0
ds1__originali__root__001378.jpg,1,0,1,1.0,0.0,0.0,0.0,,,0,0,1,0
ds1__originali__root__001295.jpg,1,0,1,1.0,0.0,0.0,0.0,,,0,0,1,0
ds1__originali__root__001299.jpg,1,0,1,1.0,0.0,0.0,0.0,,,0,0,1,0
ds1__originali__root__001302.jpg,1,0,1,0.0,0.0,0.0,0.0,,,0,1,0,0
ds1__originali__root__001310.jpg,1,0,1,1.0,0.0,0.0,0.0,,,0,0,1,0
ds1__originali__root__001317.jpg,1,0,1,1.0,0.0,0.0,0.0,,,0,0,1,0
ds1__originali__root__001329.jpg,1,0,1,0.0,0.0,0.0,0.0,,,0,1,0,0
ds1__originali__root__001331.jpg,1,0,1,1.0,0.0,0.0,0.0,,,0,0,1,0
ds1__originali__root__001332.jpg,1,0,1,1.0,0.0,0.0,0.0,,,0,0,1,0
ds1__originali__root__001251.jpg,1,0,1,1.0,0.0,0.0,0.0,,,0,0,1,0
ds1__originali__root__001252.jpg,1,0,1,0.0,0.0,0.0,0.0,,,0,1,0,0
ds1__originali__root__001255.jpg,1,0,1,0.0,0.0,0.0,0.0,,,0,1,0,0
ds1__originali__root__001256.jpg,1,0,1,1.0,0.0,0.0,0.0,,,0,0,1,0
ds1__originali__root__001261.jpg,1,0,1,1.0,0.0,0.0,0.0,,,0,0,1,0
ds1__originali__root__001275.jpg,1,0,1,1.0,0.0,0.0,0.0,,,0,0,1,0
ds1__originali__root__001279.jpg,1,0,1,0.0,0.0,0.0,0.0,,,0,1,0,0
ds1__originali__root__001282.jpg,1,0,1,0.0,0.0,0.0,0.0,,,0,1,0,0
ds1__originali__root__001186.jpg,1,0,1,0.0,0.0,0.0,0.0,,,0,1,0,0
ds1__originali__root__001203.jpg,1,0,1,1.0,0.0,0.0,0.0,,,0,0,1,0
ds1__originali__root__001211.jpg,1,0,1,0.0,0.0,0.0,0.0,,,0,1,0,0
ds1__originali__root__001226.jpg,1,0,1,0.0,0.0,0.0,0.0,,,0,1,0,0
ds1__originali__root__001227.jpg,1,0,1,1.0,0.0,0.0,0.0,,,0,0,1,0
ds1__originali__root__001230.jpg,1,0,1,1.0,0.0,0.0,0.0,,,0,0,1,0
ds1__originali__root__001231.jpg,1,0,1,0.0,0.0,0.0,0.0,,,0,1,0,0
ds1__originali__root__001242.jpg,1,0,1,1.0,0.0,0.0,0.0,,,0,0,1,0
ds1__originali__root__001599.jpg,1,0,1,1.0,0.0,0.0,0.0,,,0,0,1,0
ds1__originali__root__001601.jpg,1,0,1,0.0,0.0,0.0,0.0,,,0,1,0,0
ds1__originali__root__001607.jpg,1,0,1,1.0,0.0,0.0,0.0,,,0,0,1,0
ds1__originali__root__001609.jpg,1,0,1,0.0,0.0,0.0,0.0,,,0,1,0,0
ds1__originali__root__001611.jpg,1,0,1,1.0,0.0,0.0,0.0,,,0,0,1,0
ds1__originali__root__001617.jpg,1,0,1,1.0,0.0,0.0,0.0,,,0,0,1,0
ds1__originali__root__001619.jpg,1,0,1,1.0,0.0,0.0,0.0,,,0,0,1,0
ds1__originali__root__001639.jpg,1,0,1,1.0,0.0,0.0,0.0,,,0,0,1,0
ds1__originali__root__001522.jpg,1,0,1,0.0,0.0,0.0,0.0,,,0,1,0,0
ds1__originali__root__001526.jpg,1,0,1,1.0,0.0,0.0,0.0,,,0,0,1,0
ds1__originali__root__001532.jpg,1,0,1,1.0,0.0,0.0,0.0,,,0,0,1,0
ds1__originali__root__001540.jpg,1,0,1,1.0,0.0,0.0,0.0,,,0,0,1,0
ds1__originali__root__001547.jpg,1,0,1,1.0,0.0,0.0,0.0,,,0,0,1,0
ds1__originali__root__001549.jpg,1,0,1,1.0,0.0,0.0,0.0,,,0,0,1,0
ds1__originali__root__001566.jpg,1,0,1,1.0,0.0,0.0,0.0,,,0,0,1,0
ds1__originali__root__001569.jpg,1,0,1,1.0,0.0,0.0,0.0,,,0,0,1,0
ds1__originali__root__001449.jpg,1,0,1,1.0,0.0,0.0,0.0,,,0,0,1,0
ds1__originali__root__001451.jpg,1,0,1,1.0,0.0,0.0,0.0,,,0,0,1,0
ds1__originali__root__001482.jpg,1,0,1,1.0,0.0,0.0,0.0,,,0,0,1,0
ds1__originali__root__001491.jpg,1,0,1,0.0,0.0,0.0,0.0,,,0,1,0,0
ds1__originali__root__001493.jpg,1,0,1,1.0,0.0,0.0,0.0,,,0,0,1,0
ds1__originali__root__001503.jpg,1,0,1,0.0,0.0,0.0,0.0,,,0,1,0,0
ds1__originali__root__001517.jpg,1,0,1,1.0,0.0,0.0,0.0,,,0,0,1,0
ds1__originali__root__001519.jpg,1,0,1,1.0,0.0,0.0,0.0,,,0,0,1,0
ds1__originali__root__001384.jpg,1,0,1,1.0,0.0,0.0,0.0,,,0,0,1,0
ds1__originali__root__001386.jpg,1,0,1,0.0,0.0,0.0,0.0,,,0,1,0,0
ds1__originali__root__001393.jpg,1,0,1,0.0,0.0,0.0,0.0,,,0,1,0,0
ds1__originali__root__001396.jpg,1,0,1,1.0,0.0,0.0,0.0,,,0,0,1,0
ds1__originali__root__001399.jpg,1,0,1,1.0,0.0,0.0,0.0,,,0,0,1,0
ds1__originali__root__001433.jpg,1,0,1,0.0,0.0,0.0,0.0,,,0,1,0,0
ds1__originali__root__001444.jpg,1,0,1,0.0,0.0,0.0,0.0,,,0,1,0,0
ds1__originali__root__001447.jpg,1,0,1,1.0,0.0,0.0,0.0,,,0,0,1,0
ds1__originali__root__001776.jpg,1,0,1,1.0,0.0,0.0,0.0,,,0,0,1,0
ds1__originali__root__001783.jpg,1,0,1,0.0,0.0,0.0,0.0,,,0,1,0,0
ds1__originali__root__001787.jpg,1,0,1,1.0,0.0,0.0,0.0,,,0,0,1,0
ds1__originali__root__001790.jpg,1,0,1,1.0,0.0,0.0,0.0,,,0,0,1,0
ds1__originali__root__001791.jpg,1,0,1,1.0,0.0,0.0,0.0,,,0,0,1,0
ds1__originali__root__001792.jpg,1,0,1,1.0,0.0,0.0,0.0,,,0,0,1,0
ds1__originali__root__001801.jpg,1,0,1,1.0,0.0,0.0,0.0,,,0,0,1,0
ds1__originali__root__001802.jpg,1,0,1,1.0,0.0,0.0,0.0,,,0,0,1,0
ds1__originali__root__001741.jpg,1,0,1,1.0,0.0,0.0,0.0,,,0,0,1,0
ds1__originali__root__001744.jpg,1,0,1,1.0,0.0,0.0,0.0,,,0,0,1,0
ds1__originali__root__001748.jpg,1,0,1,1.0,0.0,0.0,0.0,,,0,0,1,0
ds1__originali__root__001750.jpg,1,0,1,1.0,0.0,0.0,0.0,,,0,0,1,0
ds1__originali__root__001761.jpg,1,0,1,1.0,0.0,0.0,0.0,,,0,0,1,0
ds1__originali__root__001765.jpg,1,0,1,1.0,0.0,0.0,0.0,,,0,0,1,0
ds1__originali__root__001768.jpg,1,0,1,0.0,0.0,0.0,0.0,,,0,1,0,0
ds1__originali__root__001769.jpg,1,0,1,1.0,0.0,0.0,0.0,,,0,0,1,0
ds1__originali__root__001687.jpg,1,0,1,1.0,0.0,0.0,0.0,,,0,0,1,0
ds1__originali__root__001706.jpg,1,0,1,1.0,0.0,0.0,0.0,,,0,0,1,0
ds1__originali__root__001712.jpg,1,0,1,1.0,0.0,0.0,0.0,,,0,0,1,0
ds1__originali__root__001720.jpg,1,0,1,1.0,0.0,0.0,0.0,,,0,0,1,0
ds1__originali__root__001721.jpg,1,0,1,1.0,0.0,0.0,0.0,,,0,0,1,0
ds1__originali__root__001726.jpg,1,0,1,1.0,0.0,0.0,0.0,,,0,0,1,0
ds1__originali__root__001731.jpg,1,0,1,1.0,0.0,0.0,0.0,,,0,0,1,0
ds1__originali__root__001739.jpg,1,0,1,1.0,0.0,0.0,0.0,,,0,0,1,0
ds1__originali__root__001643.jpg,1,0,1,1.0,0.0,0.0,0.0,,,0,0,1,0
ds1__originali__root__001647.jpg,1,0,1,1.0,0.0,0.0,0.0,,,0,0,1,0
ds1__originali__root__001651.jpg,1,0,1,1.0,0.0,0.0,0.0,,,0,0,1,0
ds1__originali__root__001661.jpg,1,0,1,0.0,0.0,0.0,0.0,,,0,1,0,0
ds1__originali__root__001664.jpg,1,0,1,1.0,0.0,0.0,0.0,,,0,0,1,0
ds1__originali__root__001669.jpg,1,0,1,0.0,0.0,0.0,0.0,,,0,1,0,0
ds1__originali__root__001671.jpg,1,0,1,1.0,0.0,0.0,0.0,,,0,0,1,0
ds1__originali__root__001686.jpg,1,0,1,1.0,0.0,0.0,0.0,,,0,0,1,0
ds1__originali__root__001902.jpg,1,0,1,0.0,0.0,0.0,0.0,,,0,1,0,0
ds1__originali__root__001921.jpg,1,0,1,0.0,0.0,0.0,0.0,,,0,1,0,0
ds1__originali__root__001924.jpg,1,0,1,0.0,0.0,0.0,0.0,,,0,1,0,0
ds1__originali__root__001927.jpg,1,0,1,1.0,0.0,0.0,0.0,,,0,0,1,0
ds1__originali__root__001928.jpg,1,0,1,1.0,0.0,0.0,0.0,,,0,0,1,0
ds1__originali__root__001930.jpg,1,0,1,1.0,0.0,0.0,0.0,,,0,0,1,0
ds1__originali__root__001957.jpg,1,0,1,0.0,0.0,0.0,0.0,,,0,1,0,0
ds1__originali__root__001975.jpg,1,0,1,1.0,0.0,0.0,0.0,,,0,0,1,0
ds1__originali__root__001862.jpg,1,0,1,1.0,0.0,0.0,0.0,,,0,0,1,0
ds1__originali__root__001863.jpg,1,0,1,1.0,0.0,0.0,0.0,,,0,0,1,0
ds1__originali__root__001865.jpg,1,0,1,1.0,0.0,0.0,0.0,,,0,0,1,0
ds1__originali__root__001870.jpg,1,0,1,1.0,0.0,0.0,0.0,,,0,0,1,0
ds1__originali__root__001876.jpg,1,0,1,1.0,0.0,0.0,0.0,,,0,0,1,0
ds1__originali__root__001881.jpg,1,0,1,1.0,0.0,0.0,0.0,,,0,0,1,0
ds1__originali__root__001887.jpg,1,0,1,0.0,0.0,0.0,0.0,,,0,1,0,0
ds1__originali__root__001889.jpg,1,0,1,1.0,0.0,0.0,0.0,,,0,0,1,0
ds1__originali__root__001826.jpg,1,0,1,1.0,0.0,0.0,0.0,,,0,0,1,0
ds1__originali__root__001833.jpg,1,0,1,1.0,0.0,0.0,0.0,,,0,0,1,0
ds1__originali__root__001837.jpg,1,0,1,0.0,0.0,0.0,0.0,,,0,1,0,0
ds1__originali__root__001839.jpg,1,0,1,1.0,0.0,0.0,0.0,,,0,0,1,0
ds1__originali__root__001840.jpg,1,0,1,1.0,0.0,0.0,0.0,,,0,0,1,0
ds1__originali__root__001844.jpg,1,0,1,1.0,0.0,0.0,0.0,,,0,0,1,0
ds1__originali__root__001857.jpg,1,0,1,1.0,0.0,0.0,0.0,,,0,0,1,0
ds1__originali__root__001859.jpg,1,0,1,1.0,0.0,0.0,0.0,,,0,0,1,0
ds1__originali__root__001805.jpg,1,0,1,1.0,0.0,0.0,0.0,,,0,0,1,0
ds1__originali__root__001809.jpg,1,0,1,1.0,0.0,0.0,0.0,,,0,0,1,0
ds1__originali__root__001810.jpg,1,0,1,1.0,0.0,0.0,0.0,,,0,0,1,0
ds1__originali__root__001813.jpg,1,0,1,1.0,0.0,0.0,0.0,,,0,0,1,0
ds1__originali__root__001817.jpg,1,0,1,1.0,0.0,0.0,0.0,,,0,0,1,0
ds1__originali__root__001818.jpg,1,0,1,1.0,0.0,0.0,0.0,,,0,0,1,0
ds1__originali__root__001820.jpg,1,0,1,1.0,0.0,0.0,0.0,,,0,0,1,0
ds1__originali__root__001822.jpg,1,0,1,1.0,0.0,0.0,0.0,,,0,0,1,0
ds1__originali__root__002173.jpg,1,0,1,0.0,0.0,0.0,0.0,,,0,1,0,0
ds1__originali__root__002194.jpg,1,0,1,1.0,0.0,0.0,0.0,,,0,0,1,0
ds1__originali__root__002197.jpg,1,0,1,1.0,0.0,0.0,0.0,,,0,0,1,0
ds1__originali__root__002212.jpg,1,0,1,0.0,0.0,0.0,0.0,,,0,1,0,0
ds1__originali__root__002213.jpg,1,0,1,1.0,0.0,0.0,0.0,,,0,0,1,0
ds1__originali__root__002215.jpg,1,0,1,1.0,0.0,0.0,0.0,,,0,0,1,0
ds1__originali__root__002218.jpg,1,0,1,0.0,0.0,0.0,0.0,,,0,1,0,0
ds1__originali__root__002235.jpg,1,0,1,1.0,0.0,0.0,0.0,,,0,0,1,0
ds1__originali__root__002138.jpg,1,0,1,1.0,0.0,0.0,0.0,,,0,0,1,0
ds1__originali__root__002141.jpg,1,0,1,1.0,0.0,0.0,0.0,,,0,0,1,0
ds1__originali__root__002145.jpg,1,0,1,0.0,0.0,0.0,0.0,,,0,1,0,0
ds1__originali__root__002148.jpg,1,0,1,0.0,0.0,0.0,0.0,,,0,1,0,0
ds1__originali__root__002150.jpg,1,0,1,1.0,0.0,0.0,0.0,,,0,0,1,0
ds1__originali__root__002157.jpg,1,0,1,1.0,0.0,0.0,0.0,,,0,0,1,0
ds1__originali__root__002158.jpg,1,0,1,1.0,0.0,0.0,0.0,,,0,0,1,0
ds1__originali__root__002170.jpg,1,0,1,1.0,0.0,0.0,0.0,,,0,0,1,0
ds1__originali__root__002060.jpg,1,0,1,1.0,0.0,0.0,0.0,,,0,0,1,0
ds1__originali__root__002061.jpg,1,0,1,1.0,0.0,0.0,0.0,,,0,0,1,0
ds1__originali__root__002081.jpg,1,0,1,1.0,0.0,0.0,0.0,,,0,0,1,0
ds1__originali__root__002085.jpg,1,0,1,1.0,0.0,0.0,0.0,,,0,0,1,0
ds1__originali__root__002089.jpg,1,0,1,1.0,0.0,0.0,0.0,,,0,0,1,0
ds1__originali__root__002102.jpg,1,0,1,0.0,0.0,0.0,0.0,,,0,1,0,0
ds1__originali__root__002105.jpg,1,0,1,1.0,0.0,0.0,0.0,,,0,0,1,0
ds1__originali__root__002128.jpg,1,0,1,1.0,0.0,0.0,0.0,,,0,0,1,0
ds1__originali__root__001991.jpg,1,0,1,1.0,0.0,0.0,0.0,,,0,0,1,0
ds1__originali__root__001994.jpg,1,0,1,1.0,0.0,0.0,0.0,,,0,0,1,0
ds1__originali__root__001995.jpg,1,0,1,1.0,0.0,0.0,0.0,,,0,0,1,0
ds1__originali__root__002000.jpg,1,0,1,1.0,0.0,0.0,0.0,,,0,0,1,0
ds1__originali__root__002004.jpg,1,0,1,1.0,0.0,0.0,0.0,,,0,0,1,0
ds1__originali__root__002009.jpg,1,0,1,1.0,0.0,0.0,0.0,,,0,0,1,0
ds1__originali__root__002028.jpg,1,0,1,1.0,0.0,0.0,0.0,,,0,0,1,0
ds1__originali__root__002052.jpg,1,0,1,0.0,0.0,0.0,0.0,,,0,1,0,0
ds1__originali__root__002400.jpg,1,0,1,1.0,0.0,0.0,0.0,,,0,0,1,0
ds1__originali__root__002402.jpg,1,0,1,1.0,0.0,0.0,0.0,,,0,0,1,0
ds1__originali__root__002416.jpg,1,0,1,1.0,0.0,0.0,0.0,,,0,0,1,0
ds1__originali__root__002417.jpg,1,0,1,1.0,0.0,0.0,0.0,,,0,0,1,0
ds1__originali__root__002418.jpg,1,0,1,1.0,0.0,0.0,0.0,,,0,0,1,0
ds1__originali__root__002420.jpg,1,0,1,0.0,0.0,0.0,0.0,,,0,1,0,0
ds1__originali__root__002423.jpg,1,0,1,0.0,0.0,0.0,0.0,,,0,1,0,0
ds1__originali__root__002429.jpg,1,0,1,0.0,0.0,0.0,0.0,,,0,1,0,0
ds1__originali__root__002336.jpg,1,0,1,1.0,0.0,0.0,0.0,,,0,0,1,0
ds1__originali__root__002339.jpg,1,0,1,1.0,0.0,0.0,0.0,,,0,0,1,0
ds1__originali__root__002352.jpg,1,0,1,0.0,0.0,0.0,0.0,,,0,1,0,0
ds1__originali__root__002361.jpg,1,0,1,1.0,0.0,0.0,0.0,,,0,0,1,0
ds1__originali__root__002369.jpg,1,0,1,1.0,0.0,0.0,0.0,,,0,0,1,0
ds1__originali__root__002379.jpg,1,0,1,1.0,0.0,0.0,0.0,,,0,0,1,0
ds1__originali__root__002383.jpg,1,0,1,1.0,0.0,0.0,0.0,,,0,0,1,0
ds1__originali__root__002389.jpg,1,0,1,1.0,0.0,0.0,0.0,,,0,0,1,0
ds1__originali__root__002308.jpg,1,0,1,1.0,0.0,0.0,0.0,,,0,0,1,0
ds1__originali__root__002309.jpg,1,0,1,0.0,0.0,0.0,0.0,,,0,1,0,0
ds1__originali__root__002311.jpg,1,0,1,1.0,0.0,0.0,0.0,,,0,0,1,0
ds1__originali__root__002312.jpg,1,0,1,1.0,0.0,0.0,0.0,,,0,0,1,0
ds1__originali__root__002318.jpg,1,0,1,1.0,0.0,0.0,0.0,,,0,0,1,0
ds1__originali__root__002324.jpg,1,0,1,1.0,0.0,0.0,0.0,,,0,0,1,0
ds1__originali__root__002325.jpg,1,0,1,0.0,0.0,0.0,0.0,,,0,1,0,0
ds1__originali__root__002333.jpg,1,0,1,1.0,0.0,0.0,0.0,,,0,0,1,0
ds1__originali__root__002271.jpg,1,0,1,1.0,0.0,0.0,0.0,,,0,0,1,0
ds1__originali__root__002272.jpg,1,0,1,1.0,0.0,0.0,0.0,,,0,0,1,0
ds1__originali__root__002274.jpg,1,0,1,1.0,0.0,0.0,0.0,,,0,0,1,0
ds1__originali__root__002276.jpg,1,0,1,1.0,0.0,0.0,0.0,,,0,0,1,0
ds1__originali__root__002283.jpg,1,0,1,1.0,0.0,0.0,0.0,,,0,0,1,0
ds1__originali__root__002295.jpg,1,0,1,1.0,0.0,0.0,0.0,,,0,0,1,0
ds1__originali__root__002298.jpg,1,0,1,1.0,0.0,0.0,0.0,,,0,0,1,0
ds1__originali__root__002302.jpg,1,0,1,0.0,0.0,0.0,0.0,,,0,1,0,0
ds2__originali__buono__altro__000095.jpg,1,0,1,1.0,0.0,0.0,0.0,,,0,0,1,0
ds2__originali__buono__altro__000097.jpg,1,0,1,1.0,0.0,0.0,0.0,,,0,0,1,0
ds2__originali__buono__altro__000100.jpg,1,0,1,1.0,0.0,0.0,0.0,,,0,0,1,0
ds2__originali__buono__altro__000111.jpg,1,0,1,1.0,0.0,0.0,0.0,,,0,0,1,0
ds2__originali__buono__altro__000130.jpg,1,0,1,1.0,0.0,0.0,0.0,,,0,0,1,0
ds2__originali__buono__altro__000136.jpg,1,0,1,0.0,0.0,0.0,0.0,,,0,1,0,0
ds2__originali__buono__altro__000139.jpg,1,0,1,0.0,0.0,0.0,0.0,,,0,1,0,0
ds2__originali__buono__altro__000145.jpg,1,0,1,1.0,0.0,0.0,0.0,,,0,0,1,0
ds2__originali__buono__altro__000020.jpg,1,0,1,1.0,0.0,0.0,0.0,,,0,0,1,0
ds2__originali__buono__altro__000032.jpg,1,0,1,1.0,0.0,0.0,0.0,,,0,0,1,0
ds2__originali__buono__altro__000034.jpg,1,0,1,1.0,0.0,0.0,0.0,,,0,0,1,0
ds2__originali__buono__altro__000047.jpg,1,0,1,1.0,0.0,0.0,0.0,,,0,0,1,0
ds2__originali__buono__altro__000061.jpg,1,0,1,1.0,0.0,0.0,0.0,,,0,0,1,0
ds2__originali__buono__altro__000070.jpg,1,0,1,1.0,0.0,0.0,0.0,,,0,0,1,0
ds2__originali__buono__altro__000081.jpg,1,0,1,1.0,0.0,0.0,0.0,,,0,0,1,0
ds2__originali__buono__altro__000089.jpg,1,0,1,1.0,0.0,0.0,0.0,,,0,0,1,0
ds1__originali__root__002479.jpg,1,0,1,1.0,0.0,0.0,0.0,,,0,0,1,0
ds1__originali__root__002480.jpg,1,0,1,0.0,0.0,0.0,0.0,,,0,1,0,0
ds1__originali__root__002486.jpg,1,0,1,1.0,0.0,0.0,0.0,,,0,0,1,0
ds1__originali__root__002491.jpg,1,0,1,1.0,0.0,0.0,0.0,,,0,0,1,0
ds2__originali__buono__altro__000005.jpg,1,0,1,1.0,0.0,0.0,0.0,,,0,0,1,0
ds2__originali__buono__altro__000014.jpg,1,0,1,1.0,0.0,0.0,0.0,,,0,0,1,0
ds2__originali__buono__altro__000016.jpg,1,0,1,1.0,0.0,0.0,0.0,,,0,0,1,0
ds2__originali__buono__altro__000018.jpg,1,0,1,1.0,0.0,0.0,0.0,,,0,0,1,0
ds1__originali__root__002437.jpg,1,0,1,0.0,0.0,0.0,0.0,,,0,1,0,0
ds1__originali__root__002439.jpg,1,0,1,1.0,0.0,0.0,0.0,,,0,0,1,0
ds1__originali__root__002452.jpg,1,0,1,1.0,0.0,0.0,0.0,,,0,0,1,0
ds1__originali__root__002454.jpg,1,0,1,1.0,0.0,0.0,0.0,,,0,0,1,0
ds1__originali__root__002458.jpg,1,0,1,0.0,0.0,0.0,0.0,,,0,1,0,0
ds1__originali__root__002474.jpg,1,0,1,1.0,0.0,0.0,0.0,,,0,0,1,0
ds1__originali__root__002475.jpg,1,0,1,1.0,0.0,0.0,0.0,,,0,0,1,0
ds1__originali__root__002478.jpg,1,0,1,1.0,0.0,0.0,0.0,,,0,0,1,0
ds2__originali__buono__carne__000320.jpg,1,0,1,1.0,0.0,0.0,0.0,,,0,0,1,0
ds2__originali__buono__carne__000340.jpg,1,0,1,1.0,0.0,0.0,0.0,,,0,0,1,0
ds2__originali__buono__carne__000343.jpg,1,0,1,1.0,0.0,0.0,0.0,,,0,0,1,0
ds2__originali__buono__carne__000345.jpg,1,0,1,1.0,0.0,0.0,0.0,,,0,0,1,0
ds2__originali__buono__carne__000357.jpg,1,0,1,1.0,0.0,0.0,0.0,,,0,0,1,0
ds2__originali__buono__carne__000362.jpg,1,0,1,1.0,0.0,0.0,0.0,,,0,0,1,0
ds2__originali__buono__carne__000364.jpg,1,0,1,1.0,0.0,0.0,0.0,,,0,0,1,0
ds2__originali__buono__carne__000376.jpg,1,0,1,1.0,0.0,0.0,0.0,,,0,0,1,0
ds2__originali__buono__burger_panino__000291.jpg,1,0,1,1.0,0.0,0.0,0.0,,,0,0,1,0
ds2__originali__buono__burger_panino__000292.jpg,1,0,1,1.0,0.0,0.0,0.0,,,0,0,1,0
ds2__originali__buono__burger_panino__000303.jpg,1,0,1,1.0,0.0,0.0,0.0,,,0,0,1,0
ds2__originali__buono__carne__000309.jpg,1,0,1,1.0,0.0,0.0,0.0,,,0,0,1,0
ds2__originali__buono__carne__000312.jpg,1,0,1,1.0,0.0,0.0,0.0,,,0,0,1,0
ds2__originali__buono__carne__000314.jpg,1,0,1,1.0,0.0,0.0,0.0,,,0,0,1,0
ds2__originali__buono__carne__000315.jpg,1,0,1,1.0,0.0,0.0,0.0,,,0,0,1,0
ds2__originali__buono__carne__000319.jpg,1,0,1,1.0,0.0,0.0,0.0,,,0,0,1,0
ds2__originali__buono__burger_panino__000230.jpg,1,0,1,1.0,0.0,0.0,0.0,,,0,0,1,0
ds2__originali__buono__burger_panino__000241.jpg,1,0,1,1.0,0.0,0.0,0.0,,,0,0,1,0
ds2__originali__buono__burger_panino__000248.jpg,1,0,1,1.0,0.0,0.0,0.0,,,0,0,1,0
ds2__originali__buono__burger_panino__000259.jpg,1,0,1,1.0,0.0,0.0,0.0,,,0,0,1,0
ds2__originali__buono__burger_panino__000268.jpg,1,0,1,1.0,0.0,0.0,0.0,,,0,0,1,0
ds2__originali__buono__burger_panino__000272.jpg,1,0,1,1.0,0.0,0.0,0.0,,,0,0,1,0
ds2__originali__buono__burger_panino__000282.jpg,1,0,1,1.0,0.0,0.0,0.0,,,0,0,1,0
ds2__originali__buono__burger_panino__000288.jpg,1,0,1,1.0,0.0,0.0,0.0,,,0,0,1,0
ds2__originali__buono__altro__000147.jpg,1,0,1,1.0,0.0,0.0,0.0,,,0,0,1,0
ds2__originali__buono__altro__000160.jpg,1,0,1,1.0,0.0,0.0,0.0,,,0,0,1,0
ds2__originali__buono__altro__000163.jpg,1,0,1,1.0,0.0,0.0,0.0,,,0,0,1,0
ds2__originali__buono__burger_panino__000187.jpg,1,0,1,1.0,0.0,0.0,0.0,,,0,0,1,0
ds2__originali__buono__burger_panino__000192.jpg,1,0,1,1.0,0.0,0.0,0.0,,,0,0,1,0
ds2__originali__buono__burger_panino__000222.jpg,1,0,1,1.0,0.0,0.0,0.0,,,0,0,1,0
ds2__originali__buono__burger_panino__000224.jpg,1,0,1,1.0,0.0,0.0,0.0,,,0,0,1,0
ds2__originali__buono__burger_panino__000228.jpg,1,0,1,1.0,0.0,0.0,0.0,,,0,0,1,0
ds2__originali__buono__insalata__000581.jpg,1,0,1,1.0,0.0,0.0,0.0,,,0,0,1,0
ds2__originali__buono__insalata__000587.jpg,1,0,1,1.0,0.0,0.0,0.0,,,0,0,1,0
ds2__originali__buono__insalata__000593.jpg,1,0,1,1.0,0.0,0.0,0.0,,,0,0,1,0
ds2__originali__buono__pasta__000605.jpg,1,0,1,1.0,0.0,0.0,0.0,,,0,0,1,0
ds2__originali__buono__pasta__000614.jpg,1,0,1,1.0,0.0,0.0,0.0,,,0,0,1,0
ds2__originali__buono__pasta__000622.jpg,1,0,1,1.0,0.0,0.0,0.0,,,0,0,1,0
ds2__originali__buono__pasta__000625.jpg,1,0,1,0.0,0.0,0.0,0.0,,,0,1,0,0
ds2__originali__buono__pasta__000627.jpg,1,0,1,0.0,0.0,0.0,0.0,,,0,1,0,0
ds2__originali__buono__frutta_verdura__000523.jpg,1,0,1,1.0,0.0,0.0,0.0,,,0,0,1,0
ds2__originali__buono__frutta_verdura__000530.jpg,1,0,1,1.0,0.0,0.0,0.0,,,0,0,1,0
ds2__originali__buono__frutta_verdura__000547.jpg,1,0,1,1.0,0.0,0.0,0.0,,,0,0,1,0
ds2__originali__buono__frutta_verdura__000555.jpg,1,0,1,0.0,0.0,0.0,0.0,,,0,1,0,0
ds2__originali__buono__frutta_verdura__000565.jpg,1,0,1,1.0,0.0,0.0,0.0,,,0,0,1,0
ds2__originali__buono__frutta_verdura__000566.jpg,1,0,1,1.0,0.0,0.0,0.0,,,0,0,1,0
ds2__originali__buono__frutta_verdura__000567.jpg,1,0,1,1.0,0.0,0.0,0.0,,,0,0,1,0
ds2__originali__buono__insalata__000578.jpg,1,0,1,1.0,0.0,0.0,0.0,,,0,0,1,0
ds2__originali__buono__carne__000442.jpg,1,0,1,1.0,0.0,0.0,0.0,,,0,0,1,0
ds2__originali__buono__carne__000443.jpg,1,0,1,1.0,0.0,0.0,0.0,,,0,0,1,0
ds2__originali__buono__carne__000447.jpg,1,0,1,1.0,0.0,0.0,0.0,,,0,0,1,0
ds2__originali__buono__carne__000454.jpg,1,0,1,1.0,0.0,0.0,0.0,,,0,0,1,0
ds2__originali__buono__dessert__000461.jpg,1,0,1,1.0,0.0,0.0,0.0,,,0,0,1,0
ds2__originali__buono__fritti__000485.jpg,1,0,1,1.0,0.0,0.0,0.0,,,0,0,1,0
ds2__originali__buono__fritti__000490.jpg,1,0,1,1.0,0.0,0.0,0.0,,,0,0,1,0
ds2__originali__buono__fritti__000500.jpg,1,0,1,1.0,0.0,0.0,0.0,,,0,0,1,0
ds2__originali__buono__carne__000392.jpg,1,0,1,1.0,0.0,0.0,0.0,,,0,0,1,0
ds2__originali__buono__carne__000394.jpg,1,0,1,1.0,0.0,0.0,0.0,,,0,0,1,0
ds2__originali__buono__carne__000397.jpg,1,0,1,1.0,0.0,0.0,0.0,,,0,0,1,0
ds2__originali__buono__carne__000406.jpg,1,0,1,1.0,0.0,0.0,0.0,,,0,0,1,0
ds2__originali__buono__carne__000414.jpg,1,0,1,1.0,0.0,0.0,0.0,,,0,0,1,0
ds2__originali__buono__carne__000426.jpg,1,0,1,1.0,0.0,0.0,0.0,,,0,0,1,0
ds2__originali__buono__carne__000428.jpg,1,0,1,1.0,0.0,0.0,0.0,,,0,0,1,0
ds2__originali__buono__carne__000441.jpg,1,0,1,1.0,0.0,0.0,0.0,,,0,0,1,0
ds2__originali__buono__pizza__000761.jpg,1,0,1,0.0,0.0,0.0,0.0,,,0,1,0,0
ds2__originali__buono__pizza__000763.jpg,1,0,1,0.0,0.0,0.0,0.0,,,0,1,0,0
ds2__originali__buono__pizza__000764.jpg,1,0,1,0.0,0.0,0.0,0.0,,,0,1,0,0
ds2__originali__buono__pizza__000765.jpg,1,0,1,0.0,0.0,0.0,0.0,,,0,1,0,0
ds2__originali__buono__pizza__000767.jpg,1,0,1,0.0,0.0,0.0,0.0,,,0,1,0,0
ds2__originali__buono__pizza__000771.jpg,1,0,1,1.0,0.0,0.0,0.0,,,0,0,1,0
ds2__originali__buono__pizza__000783.jpg,1,0,1,1.0,0.0,0.0,0.0,,,0,0,1,0
ds2__originali__buono__pizza__000789.jpg,1,0,1,1.0,0.0,0.0,0.0,,,0,0,1,0
ds2__originali__buono__pasta__000714.jpg,1,0,1,1.0,0.0,0.0,0.0,,,0,0,1,0
ds2__originali__buono__patatine__000721.jpg,1,0,1,1.0,0.0,0.0,0.0,,,0,0,1,0
ds2__originali__buono__patatine__000722.jpg,1,0,1,1.0,0.0,0.0,0.0,,,0,0,1,0
ds2__originali__buono__patatine__000723.jpg,1,0,1,1.0,0.0,0.0,0.0,,,0,0,1,0
ds2__originali__buono__patatine__000737.jpg,1,0,1,1.0,0.0,0.0,0.0,,,0,0,1,0
ds2__originali__buono__patatine__000740.jpg,1,0,1,1.0,0.0,0.0,0.0,,,0,0,1,0
ds2__originali__buono__patatine__000742.jpg,1,0,1,1.0,0.0,0.0,0.0,,,0,0,1,0
ds2__originali__buono__pizza__000755.jpg,1,0,1,0.0,0.0,0.0,0.0,,,0,1,0,0
ds2__originali__buono__pasta__000662.jpg,1,0,1,1.0,0.0,0.0,0.0,,,0,0,1,0
ds2__originali__buono__pasta__000665.jpg,1,0,1,1.0,0.0,0.0,0.0,,,0,0,1,0
ds2__originali__buono__pasta__000667.jpg,1,0,1,1.0,0.0,0.0,0.0,,,0,0,1,0
ds2__originali__buono__pasta__000668.jpg,1,0,1,1.0,0.0,0.0,0.0,,,0,0,1,0
ds2__originali__buono__pasta__000675.jpg,1,0,1,0.0,0.0,0.0,0.0,,,0,1,0,0
ds2__originali__buono__pasta__000678.jpg,1,0,1,0.0,0.0,0.0,0.0,,,0,1,0,0
ds2__originali__buono__pasta__000695.jpg,1,0,1,1.0,0.0,0.0,0.0,,,0,0,1,0
ds2__originali__buono__pasta__000713.jpg,1,0,1,1.0,0.0,0.0,0.0,,,0,0,1,0
ds2__originali__buono__pasta__000628.jpg,1,0,1,0.0,0.0,0.0,0.0,,,0,1,0,0
ds2__originali__buono__pasta__000632.jpg,1,0,1,1.0,0.0,0.0,0.0,,,0,0,1,0
ds2__originali__buono__pasta__000633.jpg,1,0,1,1.0,0.0,0.0,0.0,,,0,0,1,0
ds2__originali__buono__pasta__000638.jpg,1,0,1,1.0,0.0,0.0,0.0,,,0,0,1,0
ds2__originali__buono__pasta__000640.jpg,1,0,1,1.0,0.0,0.0,0.0,,,0,0,1,0
ds2__originali__buono__pasta__000643.jpg,1,0,1,1.0,0.0,0.0,0.0,,,0,0,1,0
ds2__originali__buono__pasta__000651.jpg,1,0,1,1.0,0.0,0.0,0.0,,,0,0,1,0
ds2__originali__buono__pasta__000652.jpg,1,0,1,1.0,0.0,0.0,0.0,,,0,0,1,0
ds2__originali__buono__sushi__000947.jpg,1,0,1,1.0,0.0,0.0,0.0,,,0,0,1,0
ds2__originali__buono__zuppa__000962.jpg,1,0,1,1.0,0.0,0.0,0.0,,,0,0,1,0
ds2__originali__buono__zuppa__000974.jpg,1,0,1,1.0,0.0,0.0,0.0,,,0,0,1,0
ds2__originali__buono__zuppa__000975.jpg,1,0,1,1.0,0.0,0.0,0.0,,,0,0,1,0
ds2__originali__buono__zuppa__000980.jpg,1,0,1,1.0,0.0,0.0,0.0,,,0,0,1,0
ds2__originali__buono__zuppa__001004.jpg,1,0,1,1.0,0.0,0.0,0.0,,,0,0,1,0
ds2__originali__buono__zuppa__001006.jpg,1,0,1,1.0,0.0,0.0,0.0,,,0,0,1,0
ds2__originali__cattivo__altro__altro__001016.jpg,1,0,1,1.0,0.0,0.0,0.0,,,0,0,1,0
ds2__originali__buono__riso_paella__000885.jpg,1,0,1,1.0,0.0,0.0,0.0,,,0,0,1,0
ds2__originali__buono__riso_paella__000890.jpg,1,0,1,1.0,0.0,0.0,0.0,,,0,0,1,0
ds2__originali__buono__riso_paella__000893.jpg,1,0,1,1.0,0.0,0.0,0.0,,,0,0,1,0
ds2__originali__buono__riso_paella__000897.jpg,1,0,1,1.0,0.0,0.0,0.0,,,0,0,1,0
ds2__originali__buono__riso_paella__000902.jpg,1,0,1,1.0,0.0,0.0,0.0,,,0,0,1,0
ds2__originali__buono__riso_paella__000904.jpg,1,0,1,1.0,0.0,0.0,0.0,,,0,0,1,0
ds2__originali__buono__sushi__000926.jpg,1,0,1,1.0,0.0,0.0,0.0,,,0,0,1,0
ds2__originali__buono__sushi__000942.jpg,1,0,1,1.0,0.0,0.0,0.0,,,0,0,1,0
ds2__originali__buono__riso_paella__000841.jpg,1,0,1,1.0,0.0,0.0,0.0,,,0,0,1,0
ds2__originali__buono__riso_paella__000846.jpg,1,0,1,1.0,0.0,0.0,0.0,,,0,0,1,0
ds2__originali__buono__riso_paella__000851.jpg,1,0,1,1.0,0.0,0.0,0.0,,,0,0,1,0
ds2__originali__buono__riso_paella__000854.jpg,1,0,1,1.0,0.0,0.0,0.0,,,0,0,1,0
ds2__originali__buono__riso_paella__000861.jpg,1,0,1,1.0,0.0,0.0,0.0,,,0,0,1,0
ds2__originali__buono__riso_paella__000863.jpg,1,0,1,1.0,0.0,0.0,0.0,,,0,0,1,0
ds2__originali__buono__riso_paella__000872.jpg,1,0,1,1.0,0.0,0.0,0.0,,,0,0,1,0
ds2__originali__buono__riso_paella__000884.jpg,1,0,1,1.0,0.0,0.0,0.0,,,0,0,1,0
ds2__originali__buono__pizza__000792.jpg,1,0,1,1.0,0.0,0.0,0.0,,,0,0,1,0
ds2__originali__buono__pizza__000799.jpg,1,0,1,1.0,0.0,0.0,0.0,,,0,0,1,0
ds2__originali__buono__pizza__000800.jpg,1,0,1,1.0,0.0,0.0,0.0,,,0,0,1,0
ds2__originali__buono__pizza__000804.jpg,1,0,1,1.0,0.0,0.0,0.0,,,0,0,1,0
ds2__originali__buono__pizza__000812.jpg,1,0,1,1.0,0.0,0.0,0.0,,,0,0,1,0
ds2__originali__buono__riso_paella__000817.jpg,1,0,1,1.0,0.0,0.0,0.0,,,0,0,1,0
ds2__originali__buono__riso_paella__000839.jpg,1,0,1,1.0,0.0,0.0,0.0,,,0,0,1,0
ds2__originali__buono__riso_paella__000840.jpg,1,0,1,1.0,0.0,0.0,0.0,,,0,0,1,0
ds2__originali__cattivo__pizza__bruciato__001380.jpg,1,0,1,1.0,0.0,0.0,0.0,,,0,0,1,0
ds2__originali__cattivo__pizza__bruciato__001383.jpg,1,0,1,1.0,0.0,0.0,0.0,,,0,0,1,0
ds2__originali__cattivo__pizza__bruciato__001386.jpg,1,0,1,1.0,0.0,0.0,0.0,,,0,0,1,0
ds2__originali__cattivo__pizza__bruciato__001394.jpg,1,0,1,1.0,0.0,0.0,0.0,,,0,0,1,0
ds2__originali__cattivo__pizza__bruciato__001403.jpg,1,0,1,1.0,0.0,0.0,0.0,,,0,0,1,0
ds2__originali__cattivo__pizza__bruciato__001406.jpg,1,0,1,1.0,0.0,0.0,0.0,,,0,0,1,0
ds2__originali__cattivo__pizza__bruciato__001408.jpg,1,0,1,1.0,0.0,0.0,0.0,,,0,0,1,0
ds1__originali__root__000101.jpg,1,0,1,0.0,0.0,0.0,0.0,,,0,1,0,0
ds2__originali__cattivo__frutta_verdura__marcio__001323.jpg,1,0,1,1.0,0.0,0.0,0.0,,,0,0,1,0
ds2__originali__cattivo__patatine__bruciato__001344.jpg,1,0,1,1.0,0.0,0.0,0.0,,,0,0,1,0
ds2__originali__cattivo__patatine__bruciato__001349.jpg,1,0,1,1.0,0.0,0.0,0.0,,,0,0,1,0
ds2__originali__cattivo__patatine__bruciato__001350.jpg,1,0,1,1.0,0.0,0.0,0.0,,,0,0,1,0
ds2__originali__cattivo__patatine__bruciato__001352.jpg,1,0,1,1.0,0.0,0.0,0.0,,,0,0,1,0
ds2__originali__cattivo__patatine__bruciato__001357.jpg,1,0,1,1.0,0.0,0.0,0.0,,,0,0,1,0
ds2__originali__cattivo__patatine__bruciato__001369.jpg,1,0,1,1.0,0.0,0.0,0.0,,,0,0,1,0
ds2__originali__cattivo__patatine__bruciato__001372.jpg,1,0,1,1.0,0.0,0.0,0.0,,,0,0,1,0
ds2__originali__cattivo__frutta_verdura__marcio__001284.jpg,1,0,1,1.0,0.0,0.0,0.0,,,0,0,1,0
ds2__originali__cattivo__frutta_verdura__marcio__001285.jpg,1,0,1,1.0,0.0,0.0,0.0,,,0,0,1,0
ds2__originali__cattivo__frutta_verdura__marcio__001286.jpg,1,0,1,1.0,0.0,0.0,0.0,,,0,0,1,0
ds2__originali__cattivo__frutta_verdura__marcio__001289.jpg,1,0,1,1.0,0.0,0.0,0.0,,,0,0,1,0
ds2__originali__cattivo__frutta_verdura__marcio__001309.jpg,1,0,1,1.0,0.0,0.0,0.0,,,0,0,1,0
ds2__originali__cattivo__frutta_verdura__marcio__001310.jpg,1,0,1,1.0,0.0,0.0,0.0,,,0,0,1,0
ds2__originali__cattivo__frutta_verdura__marcio__001317.jpg,1,0,1,1.0,0.0,0.0,0.0,,,0,0,1,0
ds2__originali__cattivo__frutta_verdura__marcio__001318.jpg,1,0,1,1.0,0.0,0.0,0.0,,,0,0,1,0
ds2__originali__cattivo__frutta_verdura__ammuffito__001233.jpg,1,0,1,1.0,0.0,0.0,0.0,,,0,0,1,0
ds2__originali__cattivo__frutta_verdura__ammuffito__001236.jpg,1,0,1,1.0,0.0,0.0,0.0,,,0,0,1,0
ds2__originali__cattivo__frutta_verdura__ammuffito__001238.jpg,1,0,1,1.0,0.0,0.0,0.0,,,0,0,1,0
ds2__originali__cattivo__frutta_verdura__bruciato__001244.jpg,1,0,1,1.0,0.0,0.0,0.0,,,0,0,1,0
ds2__originali__cattivo__frutta_verdura__bruciato__001247.jpg,1,0,1,1.0,0.0,0.0,0.0,,,0,0,1,0
ds2__originali__cattivo__frutta_verdura__marcio__001265.jpg,1,0,1,1.0,0.0,0.0,0.0,,,0,0,1,0
ds2__originali__cattivo__frutta_verdura__marcio__001274.jpg,1,0,1,1.0,0.0,0.0,0.0,,,0,0,1,0
ds2__originali__cattivo__frutta_verdura__marcio__001281.jpg,1,0,1,1.0,0.0,0.0,0.0,,,0,0,1,0
ds1__originali__root__000287.jpg,1,0,1,1.0,0.0,0.0,0.0,,,0,0,1,0
ds1__originali__root__000295.jpg,1,0,1,1.0,0.0,0.0,0.0,,,0,0,1,0
ds1__originali__root__000303.jpg,1,0,1,1.0,0.0,0.0,0.0,,,0,0,1,0
ds1__originali__root__000304.jpg,1,0,1,0.0,0.0,0.0,0.0,,,0,1,0,0
ds1__originali__root__000310.jpg,1,0,1,1.0,0.0,0.0,0.0,,,0,0,1,0
ds1__originali__root__000338.jpg,1,0,1,1.0,0.0,0.0,0.0,,,0,0,1,0
ds1__originali__root__000347.jpg,1,0,1,1.0,0.0,0.0,0.0,,,0,0,1,0
ds1__originali__root__000355.jpg,1,0,1,1.0,0.0,0.0,0.0,,,0,0,1,0
ds1__originali__root__000264.jpg,1,0,1,1.0,0.0,0.0,0.0,,,0,0,1,0
ds1__originali__root__000272.jpg,1,0,1,1.0,0.0,0.0,0.0,,,0,0,1,0
ds1__originali__root__000275.jpg,1,0,1,1.0,0.0,0.0,0.0,,,0,0,1,0
ds1__originali__root__000276.jpg,1,0,1,1.0,0.0,0.0,0.0,,,0,0,1,0
ds1__originali__root__000277.jpg,1,0,1,1.0,0.0,0.0,0.0,,,0,0,1,0
ds1__originali__root__000280.jpg,1,0,1,1.0,0.0,0.0,0.0,,,0,0,1,0
ds1__originali__root__000284.jpg,1,0,1,0.0,0.0,0.0,0.0,,,0,1,0,0
ds1__originali__root__000286.jpg,1,0,1,1.0,0.0,0.0,0.0,,,0,0,1,0
ds1__originali__root__000213.jpg,1,0,1,1.0,0.0,0.0,0.0,,,0,0,1,0
ds1__originali__root__000222.jpg,1,0,1,1.0,0.0,0.0,0.0,,,0,0,1,0
ds1__originali__root__000229.jpg,1,0,1,1.0,0.0,0.0,0.0,,,0,0,1,0
ds1__originali__root__000232.jpg,1,0,1,1.0,0.0,0.0,0.0,,,0,0,1,0
ds1__originali__root__000234.jpg,1,0,1,1.0,0.0,0.0,0.0,,,0,0,1,0
ds1__originali__root__000241.jpg,1,0,1,0.0,0.0,0.0,0.0,,,0,1,0,0
ds1__originali__root__000245.jpg,1,0,1,0.0,0.0,0.0,0.0,,,0,1,0,0
ds1__originali__root__000259.jpg,1,0,1,1.0,0.0,0.0,0.0,,,0,0,1,0
ds1__originali__root__000102.jpg,1,0,1,1.0,0.0,0.0,0.0,,,0,0,1,0
ds1__originali__root__000117.jpg,1,0,1,1.0,0.0,0.0,0.0,,,0,0,1,0
ds1__originali__root__000126.jpg,1,0,1,1.0,0.0,0.0,0.0,,,0,0,1,0
ds1__originali__root__000136.jpg,1,0,1,1.0,0.0,0.0,0.0,,,0,0,1,0
ds1__originali__root__000139.jpg,1,0,1,1.0,0.0,0.0,0.0,,,0,0,1,0
ds1__originali__root__000160.jpg,1,0,1,1.0,0.0,0.0,0.0,,,0,0,1,0
ds1__originali__root__000189.jpg,1,0,1,0.0,0.0,0.0,0.0,,,0,1,0,0
ds1__originali__root__000199.jpg,1,0,1,1.0,0.0,0.0,0.0,,,0,0,1,0
